{"cameraMode":{"drawMode":0,"name":"Shaded","section":"Shading Mode"},"sceneLighting":true,"audioPlay":false,"sceneViewState":{"showFog":true,"showMaterialUpdate":false,"showSkybox":true,"showFlares":true,"showImageEffects":true,"showParticleSystems":true},"in2DMode":false,"pivot":{"x":-1.6686040163040162,"y":4.92559814453125,"z":-6.198530197143555},"rotation":{"x":-0.305288702249527,"y":-0.10125372558832169,"z":0.03243587911128998,"w":-0.9464374780654907},"size":0.8660253882408142,"orthographic":false}