{"cameraMode":{"drawMode":0,"name":"Shaded","section":"Shading Mode"},"sceneLighting":true,"audioPlay":false,"sceneViewState":{"showFog":true,"showMaterialUpdate":false,"showSkybox":true,"showFlares":true,"showImageEffects":true,"showParticleSystems":true},"in2DMode":false,"pivot":{"x":29.041942596435548,"y":64.78746795654297,"z":-50.790260314941409},"rotation":{"x":0.2922361493110657,"y":-0.06704440712928772,"z":0.02058251202106476,"w":0.9538198113441467},"size":1.2247449159622193,"orthographic":false}