{"cameraMode":{"drawMode":0,"name":"Shaded","section":"Shading Mode"},"sceneLighting":true,"audioPlay":false,"sceneViewState":{"showFog":true,"showMaterialUpdate":false,"showSkybox":true,"showFlares":true,"showImageEffects":true,"showParticleSystems":true},"in2DMode":false,"pivot":{"x":-5.052213191986084,"y":45.882137298583987,"z":47.27043914794922},"rotation":{"x":0.1054573580622673,"y":0.8747950792312622,"z":-0.41925671696662905,"w":0.21922379732131959},"size":0.8660253882408142,"orthographic":false}