{"cameraMode":{"drawMode":0,"name":"Shaded","section":"Shading Mode"},"sceneLighting":true,"audioPlay":false,"sceneViewState":{"showFog":true,"showMaterialUpdate":false,"showSkybox":true,"showFlares":true,"showImageEffects":true,"showParticleSystems":true},"in2DMode":false,"pivot":{"x":48.2750244140625,"y":9.304681777954102,"z":37.45321273803711},"rotation":{"x":-0.3182094693183899,"y":0.5372812747955322,"z":-0.2291582226753235,"w":-0.746844470500946},"size":1.2247447967529297,"orthographic":false}