{"cameraMode":{"drawMode":0,"name":"Shaded","section":"Shading Mode"},"sceneLighting":true,"audioPlay":false,"sceneViewState":{"showFog":true,"showMaterialUpdate":false,"showSkybox":true,"showFlares":true,"showImageEffects":true,"showParticleSystems":true},"in2DMode":false,"pivot":{"x":-12.863007545471192,"y":11.510543823242188,"z":-2.4724950790405275},"rotation":{"x":-0.2627439796924591,"y":-0.6909506916999817,"z":0.3013712167739868,"w":-0.6023334264755249},"size":1.824744701385498,"orthographic":false}