{"cameraMode":{"drawMode":0,"name":"Shaded","section":"Shading Mode"},"sceneLighting":false,"audioPlay":false,"sceneViewState":{"showFog":true,"showMaterialUpdate":false,"showSkybox":false,"showFlares":true,"showImageEffects":true,"showParticleSystems":true},"in2DMode":false,"pivot":{"x":-2.0623981952667238,"y":-3.805504322052002,"z":-16.7965030670166},"rotation":{"x":0.01101047545671463,"y":-0.9853439927101135,"z":0.15528522431850434,"w":0.06986954808235169},"size":10.0,"orthographic":false}