{"cameraMode":{"drawMode":0,"name":"Shaded","section":"Shading Mode"},"sceneLighting":true,"audioPlay":false,"sceneViewState":{"showFog":true,"showMaterialUpdate":false,"showSkybox":true,"showFlares":true,"showImageEffects":true,"showParticleSystems":true},"in2DMode":false,"pivot":{"x":-42.06656265258789,"y":2.1198501586914064,"z":-38.857208251953128},"rotation":{"x":-0.11648345738649368,"y":-0.37450334429740908,"z":0.047215357422828677,"w":-0.9188023209571838},"size":1.3082456588745118,"orthographic":false}