{"cameraMode":{"drawMode":0,"name":"Shaded","section":"Shading Mode"},"sceneLighting":true,"audioPlay":false,"sceneViewState":{"showFog":true,"showMaterialUpdate":false,"showSkybox":true,"showFlares":true,"showImageEffects":true,"showParticleSystems":true},"in2DMode":false,"pivot":{"x":-26.0789737701416,"y":74.59954071044922,"z":-19.243383407592775},"rotation":{"x":-0.5696148872375488,"y":-0.2917017936706543,"z":0.22569651901721955,"w":-0.7346273064613342},"size":1.2247449159622193,"orthographic":false}