{"cameraMode":{"drawMode":0,"name":"Shaded","section":"Shading Mode"},"sceneLighting":true,"audioPlay":false,"sceneViewState":{"showFog":true,"showMaterialUpdate":false,"showSkybox":true,"showFlares":true,"showImageEffects":true,"showParticleSystems":true},"in2DMode":false,"pivot":{"x":-2.7499048709869386,"y":5.690628528594971,"z":3.49893856048584},"rotation":{"x":0.2949742078781128,"y":-0.7027375102043152,"z":0.4904351830482483,"w":0.42266732454299929},"size":1.1445523500442505,"orthographic":false}