{"cameraMode":{"drawMode":0,"name":"Shaded","section":"Shading Mode"},"sceneLighting":false,"audioPlay":false,"sceneViewState":{"showFog":true,"showMaterialUpdate":false,"showSkybox":false,"showFlares":true,"showImageEffects":true,"showParticleSystems":true},"in2DMode":false,"pivot":{"x":450.28863525390627,"y":300.38421630859377,"z":4.307594299316406},"rotation":{"x":0.19552260637283326,"y":-0.7169073224067688,"z":0.22191283106803895,"w":0.631365180015564},"size":551.755859375,"orthographic":false}