{"cameraMode":{"drawMode":0,"name":"Shaded","section":"Shading Mode"},"sceneLighting":false,"audioPlay":false,"sceneViewState":{"showFog":true,"showMaterialUpdate":false,"showSkybox":false,"showFlares":true,"showImageEffects":true,"showParticleSystems":true},"in2DMode":false,"pivot":{"x":-4.464704990386963,"y":2.156118392944336,"z":1.5436053276062012},"rotation":{"x":0.14971117675304414,"y":0.7819017767906189,"z":-0.20485731959342957,"w":0.5696299076080322},"size":1.0024968385696412,"orthographic":false}