{"cameraMode":{"drawMode":0,"name":"Shaded","section":"Shading Mode"},"sceneLighting":true,"audioPlay":false,"sceneViewState":{"showFog":true,"showMaterialUpdate":false,"showSkybox":true,"showFlares":true,"showImageEffects":true,"showParticleSystems":true},"in2DMode":false,"pivot":{"x":-21.04811668395996,"y":21.25041389465332,"z":29.158681869506837},"rotation":{"x":-0.2732580006122589,"y":-0.6757287979125977,"z":0.2993738353252411,"w":-0.615841805934906},"size":1.2247449159622193,"orthographic":false}