{"cameraMode":{"drawMode":0,"name":"Shaded","section":"Shading Mode"},"sceneLighting":false,"audioPlay":false,"sceneViewState":{"showFog":true,"showMaterialUpdate":false,"showSkybox":false,"showFlares":true,"showImageEffects":true,"showParticleSystems":true},"in2DMode":false,"pivot":{"x":0.9491448402404785,"y":3.403108835220337,"z":-3.9080708026885988},"rotation":{"x":0.18464037775993348,"y":0.05958634614944458,"z":-0.010817131958901883,"w":0.9810538291931152},"size":1.2247449159622193,"orthographic":false}