{"cameraMode":{"drawMode":0,"name":"Shaded","section":"Shading Mode"},"sceneLighting":true,"audioPlay":false,"sceneViewState":{"showFog":true,"showMaterialUpdate":false,"showSkybox":true,"showFlares":true,"showImageEffects":true,"showParticleSystems":true},"in2DMode":false,"pivot":{"x":-0.6290550231933594,"y":19.80699348449707,"z":-2.9164044857025148},"rotation":{"x":-0.047782424837350848,"y":0.7073834538459778,"z":-0.04804110527038574,"w":-0.7035753130912781},"size":10.0,"orthographic":false}