{"cameraMode":{"drawMode":0,"name":"Shaded","section":"Shading Mode"},"sceneLighting":true,"audioPlay":false,"sceneViewState":{"showFog":true,"showMaterialUpdate":false,"showSkybox":true,"showFlares":true,"showImageEffects":true,"showParticleSystems":true},"in2DMode":false,"pivot":{"x":33.81382369995117,"y":14.6114501953125,"z":-6.865174770355225},"rotation":{"x":0.19321224093437196,"y":-0.7819287776947022,"z":0.293163925409317,"w":0.5151323080062866},"size":1.1445523500442505,"orthographic":false}