{"cameraMode":{"drawMode":0,"name":"Shaded","section":"Shading Mode"},"sceneLighting":true,"audioPlay":false,"sceneViewState":{"showFog":true,"showMaterialUpdate":false,"showSkybox":true,"showFlares":true,"showImageEffects":true,"showParticleSystems":true},"in2DMode":false,"pivot":{"x":58.17982864379883,"y":24.19949722290039,"z":28.319782257080079},"rotation":{"x":-0.09523749351501465,"y":0.9000882506370544,"z":-0.25011512637138369,"w":-0.3441320061683655},"size":1.2247449159622193,"orthographic":false}