{"cameraMode":{"drawMode":0,"name":"Shaded","section":"Shading Mode"},"sceneLighting":false,"audioPlay":false,"sceneViewState":{"showFog":true,"showMaterialUpdate":false,"showSkybox":false,"showFlares":true,"showImageEffects":true,"showParticleSystems":true},"in2DMode":false,"pivot":{"x":2.65232253074646,"y":-3.6187846660614015,"z":10.807676315307618},"rotation":{"x":0.17447340488433839,"y":0.043469592928886417,"z":-0.007318096235394478,"w":0.9837884902954102},"size":10.0,"orthographic":false}