{"cameraMode":{"drawMode":0,"name":"Shaded","section":"Shading Mode"},"sceneLighting":false,"audioPlay":false,"sceneViewState":{"showFog":true,"showMaterialUpdate":false,"showSkybox":false,"showFlares":true,"showImageEffects":true,"showParticleSystems":true},"in2DMode":false,"pivot":{"x":-4.675395488739014,"y":2.2722971439361574,"z":-2.899763584136963},"rotation":{"x":0.14122991263866425,"y":0.6557280421257019,"z":-0.12616674602031709,"w":0.7310134768486023},"size":0.8660253882408142,"orthographic":false}