{"cameraMode":{"drawMode":0,"name":"Shaded","section":"Shading Mode"},"sceneLighting":false,"audioPlay":false,"sceneViewState":{"showFog":true,"showMaterialUpdate":false,"showSkybox":false,"showFlares":true,"showImageEffects":true,"showParticleSystems":true},"in2DMode":false,"pivot":{"x":-4.585814952850342,"y":1.8463882207870484,"z":-0.10036194324493408},"rotation":{"x":0.10644034296274185,"y":0.8200763463973999,"z":-0.16124023497104646,"w":0.538848340511322},"size":1.0491067171096802,"orthographic":false}