{"cameraMode":{"drawMode":0,"name":"Shaded","section":"Shading Mode"},"sceneLighting":true,"audioPlay":false,"sceneViewState":{"showFog":true,"showMaterialUpdate":false,"showSkybox":true,"showFlares":true,"showImageEffects":true,"showParticleSystems":true},"in2DMode":false,"pivot":{"x":5.383216857910156,"y":17.51024627685547,"z":-6.556135654449463},"rotation":{"x":-0.5192002058029175,"y":0.03125814348459244,"z":-0.01902068592607975,"w":-0.8538939356803894},"size":1.2247449159622193,"orthographic":false}