{"cameraMode":{"drawMode":0,"name":"Shaded","section":"Shading Mode"},"sceneLighting":true,"audioPlay":false,"sceneViewState":{"showFog":true,"showMaterialUpdate":false,"showSkybox":true,"showFlares":true,"showImageEffects":true,"showParticleSystems":true},"in2DMode":false,"pivot":{"x":49.378387451171878,"y":22.163768768310548,"z":-1.7979505062103272},"rotation":{"x":0.21662937104701997,"y":-0.7121858596801758,"z":0.24887749552726746,"w":0.6196571588516235},"size":11.388553619384766,"orthographic":false}